Nodes,Time,Formulation
3,0.2669999599456787,ACP
30,0.2929999828338623,ACP
